-- MySQL Script generated by MySQL Workbench
-- Wed Feb 21 13:23:56 2018
-- Model: New Model    Version: 1.0
-- MySQL Workbench Forward Engineering

SET @OLD_UNIQUE_CHECKS=@@UNIQUE_CHECKS, UNIQUE_CHECKS=0;
SET @OLD_FOREIGN_KEY_CHECKS=@@FOREIGN_KEY_CHECKS, FOREIGN_KEY_CHECKS=0;
SET @OLD_SQL_MODE=@@SQL_MODE, SQL_MODE='TRADITIONAL,ALLOW_INVALID_DATES';

-- -----------------------------------------------------
-- Schema vmp15b
-- -----------------------------------------------------
DROP SCHEMA IF EXISTS `vmp15b` ;

-- -----------------------------------------------------
-- Schema vmp15b
-- -----------------------------------------------------
CREATE SCHEMA IF NOT EXISTS `vmp15b` DEFAULT CHARACTER SET utf8 ;
SHOW WARNINGS;
USE `vmp15b` ;

-- -----------------------------------------------------
-- Table `vmp15b`.`petstore`
-- -----------------------------------------------------
DROP TABLE IF EXISTS `vmp15b`.`petstore` ;

SHOW WARNINGS;
CREATE TABLE IF NOT EXISTS `vmp15b`.`petstore` (
  `pst_id` SMALLINT UNSIGNED NOT NULL AUTO_INCREMENT,
  `pst_name` VARCHAR(30) NOT NULL,
  `pst_street` VARCHAR(30) NOT NULL,
  `pst_city` VARCHAR(30) NOT NULL,
  `pst_state` CHAR(2) NOT NULL,
  `pst_zip` INT(9) NOT NULL,
  `pst_phone` BIGINT NOT NULL,
  `pst_email` VARCHAR(100) NOT NULL,
  `pst_url` VARCHAR(100) NOT NULL,
  `pst_ytd_sales` DECIMAL(10,2) NOT NULL,
  `pst_notes` VARCHAR(255) NULL,
  PRIMARY KEY (`pst_id`))
ENGINE = InnoDB;

SHOW WARNINGS;

-- -----------------------------------------------------
-- Table `vmp15b`.`customer`
-- -----------------------------------------------------
DROP TABLE IF EXISTS `vmp15b`.`customer` ;

SHOW WARNINGS;
CREATE TABLE IF NOT EXISTS `vmp15b`.`customer` (
  `cus_id` SMALLINT UNSIGNED NOT NULL AUTO_INCREMENT,
  `cus_fname` VARCHAR(15) NOT NULL,
  `cus_lname` VARCHAR(30) NOT NULL,
  `cus_street` VARCHAR(30) NOT NULL,
  `cus_city` VARCHAR(30) NOT NULL,
  `cus_state` CHAR(2) NOT NULL,
  `cus_zip` INT NOT NULL,
  `cus_phone` BIGINT NOT NULL,
  `cus_email` VARCHAR(100) NOT NULL,
  `cus_balance` DECIMAL(6,2) NOT NULL,
  `cus_total_sales` DECIMAL(6,2) NOT NULL,
  `cus_notes` VARCHAR(45) NULL,
  PRIMARY KEY (`cus_id`))
ENGINE = InnoDB;

SHOW WARNINGS;

-- -----------------------------------------------------
-- Table `vmp15b`.`pet`
-- -----------------------------------------------------
DROP TABLE IF EXISTS `vmp15b`.`pet` ;

SHOW WARNINGS;
CREATE TABLE IF NOT EXISTS `vmp15b`.`pet` (
  `pet_id` SMALLINT UNSIGNED NOT NULL AUTO_INCREMENT,
  `pst_id` SMALLINT UNSIGNED NOT NULL,
  `cus_id` SMALLINT UNSIGNED NULL,
  `pet_type` VARCHAR(45) NOT NULL,
  `pet_sex` ENUM('m', 'f') NOT NULL,
  `pet_cost` DECIMAL(6,2) NOT NULL,
  `pet_price` DECIMAL(6,2) NOT NULL,
  `pet_age` TINYINT NOT NULL,
  `pet_color` VARCHAR(30) NOT NULL,
  `pet_sale_date` DATE NULL,
  `pet_vaccine` ENUM('y', 'n') NOT NULL,
  `pet_neuter` ENUM('y', 'n') NOT NULL,
  `pet_notes` VARCHAR(255) NULL,
  PRIMARY KEY (`pet_id`),
  INDEX `fk_pet_petstore_idx` (`pst_id` ASC),
  INDEX `fk_pet_customer1_idx` (`cus_id` ASC),
  CONSTRAINT `fk_pet_petstore`
    FOREIGN KEY (`pst_id`)
    REFERENCES `vmp15b`.`petstore` (`pst_id`)
    ON DELETE CASCADE
    ON UPDATE CASCADE,
  CONSTRAINT `fk_pet_customer1`
    FOREIGN KEY (`cus_id`)
    REFERENCES `vmp15b`.`customer` (`cus_id`)
    ON DELETE NO ACTION
    ON UPDATE NO ACTION)
ENGINE = InnoDB;

SHOW WARNINGS;

SET SQL_MODE=@OLD_SQL_MODE;
SET FOREIGN_KEY_CHECKS=@OLD_FOREIGN_KEY_CHECKS;
SET UNIQUE_CHECKS=@OLD_UNIQUE_CHECKS;

-- -----------------------------------------------------
-- Data for table `vmp15b`.`petstore`
-- -----------------------------------------------------
START TRANSACTION;
USE `vmp15b`;
INSERT INTO `vmp15b`.`petstore` (`pst_id`, `pst_name`, `pst_street`, `pst_city`, `pst_state`, `pst_zip`, `pst_phone`, `pst_email`, `pst_url`, `pst_ytd_sales`, `pst_notes`) VALUES (1, 'Pet Supermarket', 'Water Street', 'Fresno', 'CA', 60185, 657-798-0427, 'pet_supermarket@yahoo.com', 'https://www.petsupermarket.com', 552.75, 'in a plaza');
INSERT INTO `vmp15b`.`petstore` (`pst_id`, `pst_name`, `pst_street`, `pst_city`, `pst_state`, `pst_zip`, `pst_phone`, `pst_email`, `pst_url`, `pst_ytd_sales`, `pst_notes`) VALUES (2, 'Petco', 'Franklin Street', 'Houston', 'TX', 56001, 435-841-8480 , 'petco@aol.com', 'https://www.petco.com', 893.50, 'in a plaza');
INSERT INTO `vmp15b`.`petstore` (`pst_id`, `pst_name`, `pst_street`, `pst_city`, `pst_state`, `pst_zip`, `pst_phone`, `pst_email`, `pst_url`, `pst_ytd_sales`, `pst_notes`) VALUES (3, 'PetSmart', 'Academy Lane', 'Salt Lake City', 'UT', 13090, 442-130-0846 , 'petsmart@gmail.com', 'https://www.petsmart.com', 630.42, 'in a plaza');
INSERT INTO `vmp15b`.`petstore` (`pst_id`, `pst_name`, `pst_street`, `pst_city`, `pst_state`, `pst_zip`, `pst_phone`, `pst_email`, `pst_url`, `pst_ytd_sales`, `pst_notes`) VALUES (4, 'Pet Place', 'Cypress Court', 'Tallahassee', 'FL', 61821, 771-886-0983 , 'petplace@gmail.com', 'https://www.petplace.com', 1355.08, 'next to the target');
INSERT INTO `vmp15b`.`petstore` (`pst_id`, `pst_name`, `pst_street`, `pst_city`, `pst_state`, `pst_zip`, `pst_phone`, `pst_email`, `pst_url`, `pst_ytd_sales`, `pst_notes`) VALUES (5, 'Happy Paws', 'Depot Street', 'Orlando', 'FL', 22594, 746-567-4946 , 'happypawsco@gmail.com', 'https://www.happypaws.com', 394.75, 'up for sale');
INSERT INTO `vmp15b`.`petstore` (`pst_id`, `pst_name`, `pst_street`, `pst_city`, `pst_state`, `pst_zip`, `pst_phone`, `pst_email`, `pst_url`, `pst_ytd_sales`, `pst_notes`) VALUES (6, 'Pet Tree', 'Hickory Drive', 'New York City', 'NY', 44060, 425-405-8433 , 'pettreeco@yahoo.com', 'https://www.pettree.com', 970.64, 'in a plaza');
INSERT INTO `vmp15b`.`petstore` (`pst_id`, `pst_name`, `pst_street`, `pst_city`, `pst_state`, `pst_zip`, `pst_phone`, `pst_email`, `pst_url`, `pst_ytd_sales`, `pst_notes`) VALUES (7, 'The Nest Pet Shop', 'Evergreen Drive', 'Los Angeles', 'CA', 27330, 887-546-1861 , 'nestpetshop@gmail.com', 'https://www.thenestpetshop.com', 562.82, 'next to the walmart');
INSERT INTO `vmp15b`.`petstore` (`pst_id`, `pst_name`, `pst_street`, `pst_city`, `pst_state`, `pst_zip`, `pst_phone`, `pst_email`, `pst_url`, `pst_ytd_sales`, `pst_notes`) VALUES (8, 'Pets Unlimited', '5th Street East', 'La Jolla', 'CA', 08540, 572-339-0902 , 'petsunlimited@aol.com', 'https://www.petsunlimited.com', 773.15, 'in a plaza');
INSERT INTO `vmp15b`.`petstore` (`pst_id`, `pst_name`, `pst_street`, `pst_city`, `pst_state`, `pst_zip`, `pst_phone`, `pst_email`, `pst_url`, `pst_ytd_sales`, `pst_notes`) VALUES (9, 'Desert Pets', 'James Street', 'Phoenix', 'AZ', 48446, 582-898-0289 , 'desertpetsco@yahoo.com', 'https://www.desertpets.com', 859.88, 'next to the dicks sporting goods');
INSERT INTO `vmp15b`.`petstore` (`pst_id`, `pst_name`, `pst_street`, `pst_city`, `pst_state`, `pst_zip`, `pst_phone`, `pst_email`, `pst_url`, `pst_ytd_sales`, `pst_notes`) VALUES (10, 'Kitty Corral', 'Briarwood Court', 'Monterey', 'CA', 19426, 300-114-0049 , 'kitty_corral@yahoo.com', 'https://www.kittycorral.com', 1561.13, 'in a plaza');

COMMIT;


-- -----------------------------------------------------
-- Data for table `vmp15b`.`customer`
-- -----------------------------------------------------
START TRANSACTION;
USE `vmp15b`;
INSERT INTO `vmp15b`.`customer` (`cus_id`, `cus_fname`, `cus_lname`, `cus_street`, `cus_city`, `cus_state`, `cus_zip`, `cus_phone`, `cus_email`, `cus_balance`, `cus_total_sales`, `cus_notes`) VALUES (1, 'Abby', 'Alvarez', 'Magnolia Street', 'Orlando', 'FL', 32779, 6159422366, 'aalvarez@gmail.com', 70, 1, 'bought a retreiver');
INSERT INTO `vmp15b`.`customer` (`cus_id`, `cus_fname`, `cus_lname`, `cus_street`, `cus_city`, `cus_state`, `cus_zip`, `cus_phone`, `cus_email`, `cus_balance`, `cus_total_sales`, `cus_notes`) VALUES (2, 'Bill', 'McKenna', 'Smokerise Lane', 'Savannah', 'GA', 31302, 2342214888, 'mckenna@yahoo.com', 60, 1, 'bought a cat');
INSERT INTO `vmp15b`.`customer` (`cus_id`, `cus_fname`, `cus_lname`, `cus_street`, `cus_city`, `cus_state`, `cus_zip`, `cus_phone`, `cus_email`, `cus_balance`, `cus_total_sales`, `cus_notes`) VALUES (3, 'Claire', 'Gibbs', 'Hartzelle Street', 'Chicago', 'IL', 60007, 5807955817, 'claireg@yahoo.com', 55, 1, 'bought a german shepard');
INSERT INTO `vmp15b`.`customer` (`cus_id`, `cus_fname`, `cus_lname`, `cus_street`, `cus_city`, `cus_state`, `cus_zip`, `cus_phone`, `cus_email`, `cus_balance`, `cus_total_sales`, `cus_notes`) VALUES (4, 'David', 'Peters', 'Tropical Trail', 'San Diego', 'CA', 22434, 4356837518, 'dpeters@gmail.com', 57, 1, 'bought a husky');
INSERT INTO `vmp15b`.`customer` (`cus_id`, `cus_fname`, `cus_lname`, `cus_street`, `cus_city`, `cus_state`, `cus_zip`, `cus_phone`, `cus_email`, `cus_balance`, `cus_total_sales`, `cus_notes`) VALUES (5, 'Evan', 'Robinson', 'Mission Rock Drive', 'San Francisco', 'CA', 94016, 6096008444, 'evanrobinson@yahoo.com', 65, 1, 'bought an akita');
INSERT INTO `vmp15b`.`customer` (`cus_id`, `cus_fname`, `cus_lname`, `cus_street`, `cus_city`, `cus_state`, `cus_zip`, `cus_phone`, `cus_email`, `cus_balance`, `cus_total_sales`, `cus_notes`) VALUES (6, 'Francis', 'Malcolm', 'Springwood Street', 'Dallas', 'TX', 75001, 7753532918, 'fmalcolm@gmail.com', 51, 1, 'bought a shepard');
INSERT INTO `vmp15b`.`customer` (`cus_id`, `cus_fname`, `cus_lname`, `cus_street`, `cus_city`, `cus_state`, `cus_zip`, `cus_phone`, `cus_email`, `cus_balance`, `cus_total_sales`, `cus_notes`) VALUES (7, 'Grace', 'Davis', 'Bayberry Lane', 'Santa Barbara', 'CA', 93101, 5512272735, 'gracedavis@yahoo.com', 80, 1, 'bought a lab');
INSERT INTO `vmp15b`.`customer` (`cus_id`, `cus_fname`, `cus_lname`, `cus_street`, `cus_city`, `cus_state`, `cus_zip`, `cus_phone`, `cus_email`, `cus_balance`, `cus_total_sales`, `cus_notes`) VALUES (8, 'Hector', 'Brown', 'Critter Lake Drive', 'Austin', 'TX', 73301, 7202906097, 'brownhector@yahoo.com', 85, 1, 'bought a doberman');
INSERT INTO `vmp15b`.`customer` (`cus_id`, `cus_fname`, `cus_lname`, `cus_street`, `cus_city`, `cus_state`, `cus_zip`, `cus_phone`, `cus_email`, `cus_balance`, `cus_total_sales`, `cus_notes`) VALUES (9, 'Isabella', 'Klinger', 'West Lake Brantley', 'Miami', 'FL', 33101, 8319755122, 'iklinger@yahoo.com', 73, 1, 'bought a yorki');
INSERT INTO `vmp15b`.`customer` (`cus_id`, `cus_fname`, `cus_lname`, `cus_street`, `cus_city`, `cus_state`, `cus_zip`, `cus_phone`, `cus_email`, `cus_balance`, `cus_total_sales`, `cus_notes`) VALUES (10, 'Juan', 'Ortiz', 'Adams Lane', 'Sunnyvale', 'CA', 94303, 8132371283, 'ortizj@gmail.com', 43, 1, 'bought a dog');

COMMIT;


-- -----------------------------------------------------
-- Data for table `vmp15b`.`pet`
-- -----------------------------------------------------
START TRANSACTION;
USE `vmp15b`;
INSERT INTO `vmp15b`.`pet` (`pet_id`, `pst_id`, `cus_id`, `pet_type`, `pet_sex`, `pet_cost`, `pet_price`, `pet_age`, `pet_color`, `pet_sale_date`, `pet_vaccine`, `pet_neuter`, `pet_notes`) VALUES (1, 1, 1, 'Golden Retriever', 'f', 50, 70, 4, 'red', '2018-01-10', 'y', 'y', 'deaf');
INSERT INTO `vmp15b`.`pet` (`pet_id`, `pst_id`, `cus_id`, `pet_type`, `pet_sex`, `pet_cost`, `pet_price`, `pet_age`, `pet_color`, `pet_sale_date`, `pet_vaccine`, `pet_neuter`, `pet_notes`) VALUES (2, 2, 2, 'American Shorthair', 'f', 45, 60, 2, 'grey', '2018-02-04', 'y', 'n', 'declawed');
INSERT INTO `vmp15b`.`pet` (`pet_id`, `pst_id`, `cus_id`, `pet_type`, `pet_sex`, `pet_cost`, `pet_price`, `pet_age`, `pet_color`, `pet_sale_date`, `pet_vaccine`, `pet_neuter`, `pet_notes`) VALUES (3, 3, 3, 'German Shepard', 'm', 35, 55, 2, 'brown and black ', '2018-01-23', 'y', 'y', 'n/a');
INSERT INTO `vmp15b`.`pet` (`pet_id`, `pst_id`, `cus_id`, `pet_type`, `pet_sex`, `pet_cost`, `pet_price`, `pet_age`, `pet_color`, `pet_sale_date`, `pet_vaccine`, `pet_neuter`, `pet_notes`) VALUES (4, 4, 4, 'Siberian Husky', 'f', 25, 57, 1, 'white', '2018-01-16', 'y', 'y', 'n/a');
INSERT INTO `vmp15b`.`pet` (`pet_id`, `pst_id`, `cus_id`, `pet_type`, `pet_sex`, `pet_cost`, `pet_price`, `pet_age`, `pet_color`, `pet_sale_date`, `pet_vaccine`, `pet_neuter`, `pet_notes`) VALUES (5, 5, 5, 'Akita', 'm', 54, 65, 3, 'grey and brown', '2018-02-01', 'n', 'y', 'plays well with children');
INSERT INTO `vmp15b`.`pet` (`pet_id`, `pst_id`, `cus_id`, `pet_type`, `pet_sex`, `pet_cost`, `pet_price`, `pet_age`, `pet_color`, `pet_sale_date`, `pet_vaccine`, `pet_neuter`, `pet_notes`) VALUES (6, 6, 6, 'Australian Shepard', 'm', 35, 51, 3, 'blue white and brown', '2018-02-19', 'n', 'n', 'n/a');
INSERT INTO `vmp15b`.`pet` (`pet_id`, `pst_id`, `cus_id`, `pet_type`, `pet_sex`, `pet_cost`, `pet_price`, `pet_age`, `pet_color`, `pet_sale_date`, `pet_vaccine`, `pet_neuter`, `pet_notes`) VALUES (7, 7, 7, 'Labrador', 'm', 74, 80, 2, 'black', '2018-01-03', 'y', 'y', 'service animal');
INSERT INTO `vmp15b`.`pet` (`pet_id`, `pst_id`, `cus_id`, `pet_type`, `pet_sex`, `pet_cost`, `pet_price`, `pet_age`, `pet_color`, `pet_sale_date`, `pet_vaccine`, `pet_neuter`, `pet_notes`) VALUES (8, 8, 8, 'Doberman', 'f', 58, 85, 4, 'brown and black', '2018-02-11', 'n', 'n', 'has anxiety');
INSERT INTO `vmp15b`.`pet` (`pet_id`, `pst_id`, `cus_id`, `pet_type`, `pet_sex`, `pet_cost`, `pet_price`, `pet_age`, `pet_color`, `pet_sale_date`, `pet_vaccine`, `pet_neuter`, `pet_notes`) VALUES (9, 9, 9, 'Yorki', 'm', 43, 73, 1, 'brown and white', '2018-01-08', 'y', 'n', 'n/a');
INSERT INTO `vmp15b`.`pet` (`pet_id`, `pst_id`, `cus_id`, `pet_type`, `pet_sex`, `pet_cost`, `pet_price`, `pet_age`, `pet_color`, `pet_sale_date`, `pet_vaccine`, `pet_neuter`, `pet_notes`) VALUES (DEFAULT, 10, 10, 'Beagle', 'f', 34, 43, 1, 'brown and white', '2018-01-02', 'y', 'y', 'needs to be fed every 5 hours');

COMMIT;

